y,u,v
0.0,0.0,0.0
0.0,0.0,0.0
0.5561023672617169,0.8089668010830424,0.9921477544684321
0.5565385597301183,0.808984072079523,0.9921390929335135
0.5570825874403647,0.8089995118296431,0.9921397351715737
0.557728913258911,0.8089974896476432,0.9921505317140972
0.558484046355285,0.8089524201578322,0.9921747631825262
0.5592472334640883,0.8088796997158669,0.9922077776903716
0.5601576666665047,0.8087994980683908,0.9922486032016503
0.560844340657231,0.808739570314271,0.9922994267973239
0.5614790627962323,0.8086736107297219,0.9923503718974954
0.5621453587468901,0.808623090895293,0.9924201154792633
0.5626628637610336,0.8086242885824861,0.992483506111572
0.5632061971598636,0.8086627447560567,0.9925610954123442
0.5636336760199903,0.8087364806284685,0.9926408370785069
0.564204330573052,0.8088393081492232,0.9927284244636739
0.5648931395713835,0.8089591549785703,0.992807332956137
0.5656932900842123,0.8090736990044755,0.9928403648217677
0.5666003905918303,0.8091529286159687,0.9928567158556217
0.567491530615766,0.8092591842993415,0.9929021411800336
0.5684181325952895,0.8094300716966797,0.9929892425472091
0.5692107498292515,0.8095675019626447,0.9930866544389169
0.569857301299008,0.8097306304299058,0.9932277558764956
0.570278470604139,0.8098984628570123,0.9933993549430356
0.5706836881044804,0.8100600464813721,0.9935836946240647
0.571023379964908,0.8101780967799295,0.9937107015398924
0.5713465558925203,0.8101871228283414,0.9937855483105701
0.571598070203077,0.8101722385273543,0.9937732242829308
0.5720273629517788,0.8101199481988137,0.9937180265253345
0.5724700211952446,0.8101598363896805,0.9936720457517897
0.5727930061872173,0.8102173080171653,0.993636375502777
0.5730918464996879,0.810277973477165,0.993602406316734
0.5732677329392236,0.8103596765730788,0.993564670491258
0.5734160986099954,0.8104551009983573,0.9936178026723906
0.5733327291666825,0.8105380538548205,0.9936780515455407
0.573035234082581,0.8104929930439022,0.9936840573392915
0.5728634440804015,0.8104630421851813,0.9936862964936092
0.5727078141764366,0.8104420045492673,0.9936905317932487
0.5725810849851753,0.8104059871445464,0.9936694767995492
0.5725008225854504,0.8103678781266839,0.9936272626654379
0.5723966671941119,0.8103423882188128,0.9935709887251463
0.4773169882667002,0.6753572530212206,0.8279420898531392
0.38210738834058755,0.5403591118278871,0.6623145296521161
0.28686036743993903,0.40534969125629927,0.4966885526739856
0.19169556149700961,0.2703431045360431,0.3310476931306471
0.09647670177097474,0.1353488314287557,0.16539149894822278
0.0013188230309052321,0.00036486103499616446,-0.0002066124198069669
0.0013436755223230434,0.00041200391227384575,-0.00018286176203348195
0.0012393755792049724,0.00048374354293227517,-0.00011073707783742659
0.0011543658251710405,0.000535297419210994,-7.139700726038193e-05
0.0009882833521305018,0.0005794762617665667,-6.115919256402822e-06
0.00073368572029213,0.0006168626171633801,6.205003268211966e-05
0.000586880900157093,0.0005654756649211361,6.640857259839267e-05
0.0003908695549235733,0.0004659458340975631,4.721799791607676e-05
0.00029143683126578565,0.00032699020452313816,-5.8111358308751166e-05
0.00025623071014846274,0.00020740808140353305,-0.0001362595797708349
0.0003918214365888082,9.475335400813813e-05,-0.00022930405980579752
0.0006457372931889944,-3.1420484552413446e-05,-0.00032352443336973387
0.0009322010225030963,-8.807128165088473e-05,-0.00039756155979103216
0.0011434334097606817,-0.00015329653544458416,-0.00048432657165863225
0.001410323150199333,-0.0002315195882489158,-0.0005374682031412148
0.0016969791652033316,-0.00031080262314873855,-0.000586094881775102
0.001671640752225466,-0.0004042323495871498,-0.0006364035298156106
0.0016157561084880574,-0.000515490064553377,-0.0006636998045557888
0.0014427098848059329,-0.0005808901498202064,-0.0006995220306221716
0.0013719669767595817,-0.0006103508439681167,-0.0007196032525598602
0.0013033166461756886,-0.0006186916455839963,-0.0007302312317003787
0.0013502007960188157,-0.0006318264746665409,-0.0007284634376885906
0.0015715313642339624,-0.0006313724721461509,-0.0007142466399816129
0.0018396218776940737,-0.0005972238258887985,-0.0007021739145020556
0.002140342906213576,-0.0005713741296990076,-0.0006758533401663682
0.0024645550936144077,-0.0005597838542215957,-0.0006720911366116556
0.002660887461446092,-0.0005253504438515777,-0.0006825567240268395
0.002658127187837735,-0.00045842827366949314,-0.000683004169162022
0.002658069135689117,-0.00039700244623632483,-0.0006779445675804821
0.0026648990385184828,-0.000311743607982414,-0.000683461257510745
0.0026819175756535936,-0.00023571602573600162,-0.0006715781176223279
0.0027158079766368103,-0.00016937418417944816,-0.0006055095647535507
0.0028988380127571802,-9.383117344267737e-05,-0.0005330172812335327
0.002911684991898209,3.6977579550256535e-05,-0.00044961485812876237
0.002763881906237444,0.00017827139925024363,-0.0003273043804394303
0.0026098877806829163,0.00032085538456716115,-0.0002163194720000437
0.0024133475051548816,0.0004392804184260071,-0.00012781231707022518
0.0020941471854262358,0.0005662738337537402,-8.166606597171094e-05
0.0015562671206106485,0.0006370678508349599,1.7608508970044122e-06
0.0011782834069810004,0.0006374811589916222,4.7939310331330704e-05
0.0009505357619327317,0.0006268653303006821,4.91240756177964e-05
0.0006563130061090194,0.0005619201154447547,0.00013931358568174332
0.0003758236336682679,0.000499161017228319,0.00023378526140554887
0.00014764435835657526,0.00043786845901507557,0.00033144536944477803
7.721601195402347e-05,0.0004110917606525364,0.0003751173646666545
7.32016383525509e-06,0.00037693511052820406,0.0004289567791224174
-3.2964555996093124e-05,0.000352740093446835,0.0004978899451757508
-0.00011089397293026727,0.00038550638496063594,0.00046969723725207566
-0.00013400470701491914,0.00042441386095186785,0.00042899361619969426
-0.00019751539733971272,0.0004731960846297347,0.0003881453469359274
-0.00026000381053576944,0.0005243206450147273,0.0003576301673245028
-0.00020000026075331435,0.0005766451105327377,0.0003337192393331793
-0.00023286308084008813,0.0006251207764348198,0.0003081053197281641
-0.0002655756596511056,0.0006517169538295335,0.00029471070245783447
-0.00036640443141670685,0.0006635329769486043,0.0002710194468838979
-0.00048175356926809677,0.0006671513037490146,0.00025813360558997266
-0.0006382595592351748,0.0006602892890172653,0.0002534136380095067
-0.0009686319282448888,0.0006658743493369626,0.0002492734204612422
-0.0013225686481316203,0.0006591954592404363,0.0002625679411693303
-0.0015472369256165927,0.0006621224640204797,0.0002784950593302212
-0.0018394758794322754,0.0006843183463819617,0.0003152391766669519
-0.002139588228276885,0.0006988666777885699,0.000338713652788081
-0.002414372289519139,0.0007015653312605919,0.0003631167704274845
-0.0026051387870278824,0.0006961492200524715,0.00038662750503359536
-0.002700427918012408,0.0006913175840524809,0.0004140921502909862
-0.0028660409593903743,0.0006818118821705465,0.00043800905707625675
-0.003009885891384349,0.0006580123333015657,0.0004595843986094154
-0.003212882877355485,0.0006371511682061582,0.0004978565796543139
-0.003422537538351806,0.0006361757570967803,0.0005206876605307699
-0.0037094348265725575,0.0006389288947266,0.0005252145709642556
-0.004024056933968061,0.0006502197484057301,0.0005051067337561606
-0.00436137415291927,0.0006681415654067275,0.0005074550492572335
-0.004635406332757536,0.000676296831584775,0.0005221173634546161
-0.0046843203791720025,0.000717702189328147,0.0005600778758202947
-0.004609966183871384,0.0007717792125800341,0.000620341020926264
-0.004437883510143655,0.000836692026236396,0.0006722232486459556
-0.004254580956792592,0.000940004214933309,0.0007054836584505447
-0.003988553126831928,0.0010397088772289775,0.0007269671965856241
-0.0037069199727635515,0.00116127364517047,0.0007154715210384767
-0.003593602660125693,0.00126616587449938,0.0006686710742930201
-0.00335015133018746,0.0013481759139185167,0.0006040326100787001
-0.003157639700220559,0.0014202719577700977,0.0005543579069351467
-0.002960767505262283,0.001420287772641339,0.0005183634530640657
-0.002652711848086181,0.001373693304950559,0.0004513170782833017
-0.0023554489725811276,0.001247202783238712,0.0004020803699261783
-0.0017390546298957294,0.0010233272743867608,0.0003353917583900136
-0.001166069311982144,0.0008033410666517465,0.0002525991721447258
-0.0005346323267335268,0.000567714337078821,0.00016147484890376946
0.0001949335231922026,0.0003475195466217328,8.468458485368622e-05
0.0006759952882795142,0.00010149598575056477,3.981316666076238e-05
0.001113060853286575,-0.00010211209070014205,1.2817953065426561e-05
0.0012701928807144704,-0.0002247891069581368,2.6877566373587105e-06
0.0012374371967360813,-0.00035288850251331187,5.2181360214583695e-06
0.0011976416771568741,-0.0004707085211178936,1.7592308374399767e-05
0.0010487079246409691,-0.0005815295913491384,2.0873122681232423e-05
0.0009998573305752198,-0.0006388963006643155,1.6653830777796774e-05
0.0009773438971729651,-0.0006926002279612978,-4.7481257660736275e-06
0.001014459181820858,-0.0007392823524685932,-2.682086428314154e-05
0.0011725930427632322,-0.0007725135433343438,-4.111538629487723e-05
0.001291882880063093,-0.0008101430041582236,-6.254607961561587e-05
0.0015293221481617388,-0.0008330659848651531,-9.237138368948075e-05
0.0017592364305571125,-0.0008566068062995798,-0.00012008578819257428
0.0020796675137036576,-0.0008842541904646867,-0.00013709333206373152
0.0023346607101847427,-0.0009252297501544314,-0.000157752953984243
0.002577050225816653,-0.0009670614343955905,-0.00018279348807747627
0.0028037152272157996,-0.001010482127457598,-0.0001898100835323684
0.002884092959781412,-0.0010510300106012116,-0.0001905472108198981
0.0028954680951520594,-0.0010932793424443506,-0.00017842376203453078
0.0027449766742606066,-0.0011004230354604324,-0.00016350975994770264
0.002542774964157495,-0.0010888958266042313,-0.00013740827943710694
0.0021927820295480844,-0.0010669840333276221,-0.00010016001486647139
0.0018195411379168037,-0.0010272597771003595,-7.531581661230492e-05
0.0014817069462563883,-0.0009709699255061801,-6.332486558771006e-05
0.001195924799315684,-0.0009009716664528859,-5.536072791393487e-05
0.0009775877740586668,-0.0008293203676366958,-4.830266663926634e-05
0.000869665550422375,-0.0007594607780029092,-4.167449984958453e-05
0.0008484998526247332,-0.0006950067884752595,-3.8886453785196194e-05
0.0008487677411129268,-0.0006427326605345176,-3.160505567147804e-05
0.0008336729287616081,-0.0005999615343759186,-1.149008248277647e-05
0.0008246341513067256,-0.000551899369497356,4.519195862653169e-06
0.0007558225861831225,-0.0005093082821456469,1.5179576203771984e-05
0.0006032760999316951,-0.000462245154247826,1.6667138413000074e-05
0.000501433729930578,-0.00041563062867184695,3.266388058134426e-05
0.000426107498647132,-0.0003552486791678157,4.4606229806590816e-05
0.00037764041520691144,-0.0002971671183891635,5.128627708667283e-05
0.0002814011383361057,-0.0002421153590536224,6.410635166063023e-05
0.0001890077681187179,-0.0001882488471675519,7.772392004146783e-05
8.38870910473233e-05,-0.0001409595858995305,9.883175855424507e-05
-6.213768949811787e-05,-0.00011730757820651462,9.42793900339085e-05
-0.00023978324415284958,-0.00011312820920868888,8.06388708032924e-05
-0.00041595367634407915,-0.00011832908387816826,7.196267820029683e-05
-0.00044379797494158244,-0.00013167847447466473,5.781801173577584e-05
-0.0003573770329548368,-0.00013890085611737612,5.581839485702228e-05
-0.00019433892261011405,-0.0001516472565357451,5.271887297613312e-05
-6.925910669066238e-05,-0.00014603924536626934,5.578580079370322e-05
3.817237377932174e-05,-0.00013222659476334927,6.801011759942992e-05
0.00010709522159390804,-0.00011742030737823565,8.704871522703489e-05
0.00017662694194765753,-8.646838660046911e-05,9.87941500198849e-05
9.001950019965647e-05,-7.88173640897553e-05,7.61806200543541e-05
5.118241967140914e-05,-5.3832664205767144e-05,4.628241328301864e-05
8.829095406878895e-05,-3.0724823085694734e-05,2.4338315241306956e-05
0.00025690698875415434,-1.3733190518172714e-05,1.332692188903077e-07
0.00040634643141761363,-1.1590468342200155e-05,-4.101586832700006e-05
0.0006071654010486321,-2.1007838382929768e-05,-8.618661188684629e-05
0.0008411924178318691,-1.2336563817546636e-05,-0.000105170821785944
0.00103403895662495,-2.4021246361469903e-05,-0.00012178974412813737
0.0011000374033268902,-4.496746460599562e-05,-0.00013822853123104673
0.0010504879655347298,-7.787367915732309e-05,-0.00014675448255932057
0.0010358120544049615,-0.00011484219408529957,-0.00011551779766681927
0.0008772247695350095,-0.00014764310473752172,-9.62946289201497e-05
0.0008837100238917432,-0.00018023070749484564,-7.796866481612946e-05
0.0008891430107243355,-0.00020378840455270974,-4.863516466283752e-05
0.0009292412307949456,-0.0002197513954710754,-2.182143635719871e-05
0.0009614369333296672,-0.00021706103516425017,-4.576669419493426e-06
0.0009225439221592634,-0.00018407266043045316,-1.380464673490546e-05
0.0008769581346643176,-0.0001360516720755194,1.3810432663029807e-05
0.0007141201210127183,-8.392855686658239e-05,3.451036321872742e-05
0.0005146135928226851,-1.666858489477251e-05,5.616863639247352e-05
0.0003674848571259386,4.235926448370913e-05,8.060781965517444e-05
0.00030408776386389524,8.630088397169921e-05,0.00011669870566786876
0.0003178643488455871,0.00011622001651874557,0.0001417874558319087
0.00024782529899720565,0.00010983958389966431,0.0001371209116570441
0.00021076980227688552,9.756454378709308e-05,0.0001214109586775022
0.00015698217188068073,6.687038612200927e-05,9.557080926989252e-05
0.0001235713279345127,5.410643505551375e-05,6.377693946642663e-05
2.2324137108813864e-05,5.101240980660137e-05,2.1105138412985865e-05
-0.00013449053214206234,4.821394906952001e-05,-1.8875627308940485e-05
-0.0002067275597833663,6.094578823363215e-05,-4.38289867465939e-05
-0.00030621235679737695,7.312757846531704e-05,-6.11271770909351e-05
-0.00032451141633484305,7.121677558870386e-05,-7.17192834750136e-05
-0.0003117274073821139,6.494068254582197e-05,-7.581205641058925e-05
-0.00026792542163446825,5.212099370040619e-05,-7.970290044169266e-05
-0.00015557570910172596,4.414190904590176e-05,-7.69162044266827e-05
-2.342182417209378e-05,3.439715188607072e-05,-7.203885959192312e-05
8.314109200230166e-05,2.46885567777928e-05,-6.872795845780925e-05
6.880626135589715e-05,2.634313945588973e-05,-7.138099952538727e-05
-8.28630781396318e-05,3.3335916171526094e-05,-6.966662891920035e-05
-0.00038234630369560815,4.284354669616853e-05,-4.289436643437253e-05
-0.000695913829195203,4.079204932494555e-05,-1.8855376559987973e-05
-0.0010486824665561873,4.9530440659674916e-05,1.1413708229465892e-06
-0.0013586821956974283,5.702910038920539e-05,2.3816424493452793e-05
-0.001611383682344286,6.777289453184726e-05,4.36608090931348e-05
-0.0017985774654549935,7.425207366275705e-05,6.336787432372215e-05
-0.0017899523818858325,8.065256416807193e-05,7.076595532800621e-05
-0.0017605094312523886,0.00010266291108965255,7.501591265308741e-05
-0.0017098662601147585,0.00011663515688572197,8.523540524319673e-05
-0.0016003402735390913,0.0001366145464822143,9.063213359287644e-05
-0.0015797720692881175,0.0001177674630863885,0.00011587266794683921
-0.001595213073026235,9.06193081165396e-05,0.00012179861588459471
-0.0015908500972317333,7.215534961770091e-05,0.00011961828517322739
-0.001499288936392041,5.701723923577452e-05,0.00011822214063250238
-0.0013058341036526091,4.45460561489246e-05,0.00011805704880737627
-0.0011866962434074597,3.023668358781911e-05,0.00014773076155300262
-0.0009062847881362543,5.490219308447398e-05,0.00016328912320637517
-0.0005234172687174813,8.233636578500736e-05,0.0001962270639315444
-0.00019577257925228785,0.00010291729907888933,0.0002276500557189611
4.656929890214582e-05,0.0001232469302118675,0.0002643413282444548
0.00014422419960554578,0.00013160528247794278,0.00030209335432045364
0.0002285572893052445,0.00013691811486309455,0.00030214427049105166
0.0002699799084021474,0.00013801811629658958,0.00031085228570235226
0.0002610710250411573,0.000138520431321215,0.0002998779223097294
0.00028146507284524227,0.00011837778210887604,0.0002840397145823383
0.0003454173259441826,8.531775829252358e-05,0.0002634705460094931
0.0005832878385777109,6.18254422260857e-05,0.00022161128217709053
0.0009160143090176566,4.799996614786339e-05,0.00019317209370186842
0.0012007060977384065,2.259713649992532e-05,0.00016015276424924372
0.001559739931310713,2.0264250129136676e-06,0.0001401936254027385
0.0018407456978678596,9.170214461389606e-06,0.00011254653053481393
0.0020191179651379452,9.484197513928277e-06,0.00011080959480739015
0.002093143037541024,-8.845527445183359e-06,0.00011772185068608293
0.002105919910515216,-4.0766591241198424e-05,0.00012790759202621372
0.002244848828385806,-8.587870405857954e-05,0.00012459456938460363
0.0023057794767734037,-0.00011726669097903339,0.0001199513617880591
0.0022596121070354246,-0.00016226327809147343,9.03736954534353e-05
0.0023597536069303463,-0.00019913401082845815,4.601452479482504e-05
0.0024943120272993557,-0.0002261243063830777,2.0285465214445015e-06
0.002571202870073133,-0.00024634795859433055,-5.687181956627118e-05
0.002454303489120363,-0.0002422227844591894,-0.00010481421572696947
0.002199376348655911,-0.00026396292852236123,-0.00013956064482662008
0.0019763349778248803,-0.0002822794422765944,-0.00014733654696070256
0.0015639956745628842,-0.00029224811486983944,-0.0001834052535807016
0.0011967955815501282,-0.0003033631727560375,-0.00019482050472226478
0.0009330744084059724,-0.0003175626126755382,-0.0001896449917072423
0.0007319501346161538,-0.0003279450755853466,-0.00017478190579101223
0.0005602830834168536,-0.00034137498701878666,-0.0001741975270163113
0.00047890843537592715,-0.000352684741397491,-0.00016086019043803383
0.0004964039258812065,-0.00036881648856264547,-0.00012239302360344704
0.00040922801666058776,-0.00037845594182440577,-9.256096928062104e-05
0.00033222666265239284,-0.0003853267318822876,-4.350593907487899e-05
0.00030121649686122007,-0.0003885737949391417,-1.570956725100023e-05
0.000341692055899141,-0.0003774004920400547,2.4072741124363095e-05
0.0003726408908485745,-0.0003575836870336853,7.199777949965374e-05
0.0003152146829024896,-0.0003318087257527137,0.00011570449029131089
0.0002885065477921037,-0.0003065908529513472,0.00015045863396386316
0.00012992890613672682,-0.0002888491711896338,0.00016794486698310895
-8.934032862886809e-05,-0.0002909085759964774,0.00020638715432520915
-0.0002464467051071937,-0.0002840270819718242,0.0002314762902177907
-0.0005160511067513097,-0.00027387740625085246,0.00024623985816407445
-0.0006987100719918767,-0.0002545187503464369,0.00025777757812536247
-0.0009579314321338892,-0.0002305702138197187,0.00026525396202876906
-0.001157663515101828,-0.00020390788397649568,0.00027013265691394156
-0.001323819951595137,-0.00016527793968699792,0.00027133188702123547
-0.0014990379235283193,-0.0001412926625143622,0.0002774933222486536
-0.0015532560270028405,-0.00013199901491034175,0.00028653827136020213
-0.0015890086290643566,-0.00013702843323220635,0.00029901851906829753
-0.0014778705863851516,-0.00014922102386305669,0.0003283927135853172
-0.0013196790590227008,-0.0001610722447149131,0.0003569669070583842
-0.0011714563971162138,-0.00017315191330925434,0.000380297313560423
-0.0009431212874638767,-0.00017932482396052713,0.00040228345601420624
-0.0006385354515908658,-0.00018124363070515492,0.0004261810763703264
-0.0002634792249027143,-0.0001881095991557491,0.0004508597970697905
-0.0005160199591697632,-8.261659758756751e-05,0.00036525428526762785
-0.0006827415844425689,1.4193171831475255e-05,0.0002747043118613593
-0.0007104307237251516,0.00011707199448549251,0.0001727616524337299
-0.0006437155933494224,0.00022369788084767043,6.537617009517954e-05
-0.00042969805299099354,0.00032191932037942795,-6.290577150292338e-05
-0.00021488099375006504,0.0004224282267330068,-0.00018373215853990197
0.0005332772622866231,0.0003976835464487867,-0.0002089493563155446
0.00105703908304486,0.0003761877614317348,-0.0002341679041416003
0.0015115553940443025,0.0003565886037676501,-0.0002555845183700524
0.0017992173891438268,0.000324772168843982,-0.0002705606227562202
0.001744894849660195,0.0002998734864309834,-0.00026558742437214237
0.001625275310869983,0.00027997664274757145,-0.00028307944332054715
0.0014298634842577161,0.0002582368844139758,-0.0003121346403150216
0.0013646988862805495,0.0002494935750395648,-0.00033011267725380574
0.0012511141673154328,0.00022883935331863604,-0.00033995512017326914
0.0011233629882221588,0.00022007463600964765,-0.00033995531303702265
0.0011389542332360324,0.0002219145612628578,-0.00033129493530526823
0.0009484886040083779,0.00022564185638196697,-0.00033805945714217333
0.0008005897612317237,0.0002499501812273522,-0.0003383547323578567
0.0005863667239800714,0.0002683431656703938,-0.0003472355539661505
0.0003374911825338265,0.00026899167181953663,-0.0003583653659693243
0.00010856446169637442,0.000262700824659679,-0.0003767160167020777
-0.0002521814281088003,0.0002227033761770342,-0.0003951982008747667
-0.0004705599191876632,0.00017663803164400514,-0.0003736323096924297
-0.0006485772197463694,0.00013319650923971564,-0.00033628491288142394
-0.0008047092458701,9.083078380319297e-05,-0.00029578206354685535
-0.0009643800422776169,6.406816453294033e-05,-0.0002560169200921116
-0.00114756350193447,4.623757233669249e-05,-0.00021470288358588316
-0.0012794453517943447,4.6309028553425236e-05,-0.00018421817653235058
-0.0013535303085563562,4.137044930880321e-05,-0.0001682547998844087
-0.0014321853773526533,3.7904967452581115e-05,-0.0001499135995014424
-0.0015050290595937476,3.438336208889714e-05,-0.00013365822633093816
-0.001508373519113569,4.296524405881015e-05,-0.00011333033097588002
-0.0014601113539732425,4.3738340534139455e-05,-9.777949102958643e-05
-0.0014194981862690446,5.1445293686492436e-05,-8.014860979792054e-05
-0.0013942115573517715,6.48856197926255e-05,-6.0479538831269576e-05
-0.0012617140847027378,8.056481091916236e-05,-5.2351466516958535e-05
-0.0011777114679520253,8.186818773890207e-05,-4.847875172938062e-05
-0.0010710683202357994,8.176693399103569e-05,-4.204306349334938e-05
-0.000855765050139186,8.544447012620629e-05,-4.043631115648292e-05
-0.0005812271801533657,8.653019960366128e-05,-4.494142792684955e-05
-0.0002966995189369053,8.33015550854456e-05,-5.454645491497674e-05
-0.00014192361801434387,7.217984338164588e-05,-5.888262257480102e-05
1.3187866760121697e-05,5.6091490681045094e-05,-4.788511546761154e-05
-1.8339464602977061e-06,4.338713467681685e-05,-5.7218589544847815e-05
-0.0002509187456533056,3.370351549445419e-05,-6.758350180652969e-05
-0.0004683489230551676,3.0038804834585814e-05,-7.975497379895019e-05
-0.0007405646106493859,2.0437635131874852e-05,-8.801477241591584e-05
-0.0009424733599075464,5.470113207051365e-06,-8.981516049102313e-05
-0.0010611806506425027,1.6082084612575365e-05,-7.979431811123035e-05
-0.0010722541462754958,2.3871487246649256e-05,-7.551273104470146e-05
-0.0009887398618864125,3.736571891828471e-05,-6.615360601686075e-05
-0.000827886518131803,4.195135652662952e-05,-4.743477736888418e-05
-0.0006554502277425897,4.946370961887031e-05,-2.9986152885033152e-05
-0.00047591508528206867,5.48161756134844e-05,-1.5686616402256357e-05
-0.0002879408768527061,5.116641193537988e-05,-1.3588060146886149e-05
-0.00013181405806428746,5.9680405677828804e-05,6.1352056834839765e-06
-3.5057904916668725e-05,3.481740315648227e-05,3.1896280735922526e-05
-3.0519133328717624e-05,2.0593469472002016e-05,5.391019564780641e-05
-6.912217305010934e-05,1.120898279177363e-05,7.148996784408613e-05
-0.0001928924404921207,1.431988366515797e-05,6.63075117142798e-05
-0.0003294169193552103,2.941893902991716e-05,5.125522593752027e-05
-0.00033098654531658303,3.098007896233962e-05,3.0795990006279916e-05
-0.00026251702499769763,6.21698978344472e-05,-1.6584399624785552e-06
-3.2580081049210376e-05,9.912606944909175e-05,-3.391576263612159e-05
0.0002416768821093605,0.00013770760480299473,-6.66870686209636e-05
0.0005460962761068323,0.00017230851780281715,-8.468940645993921e-05
0.0007233112612503362,0.00018599281722445936,-0.00010035943653387116
0.0007827003454297746,0.00019592378484991553,-0.00011309870097370281
0.0007191137630105369,0.00017173696450031463,-0.00011928540142214918
0.0004855293697546775,0.0001402741462386475,-0.00012830778541246087
0.0002254611425488359,0.00012041095737178541,-0.00012791569232662242
0.0001224591760504046,0.0001044631062999717,-0.00012895388075795987
0.00010715491308908666,0.00011132907475056592,-0.00013233363444037458
0.00015281379614629124,0.00012266785520332065,-0.00011364894276988356
0.00033005076781925417,0.0001640519014455439,-9.658662544374665e-05
0.0004965042153077187,0.000190073150414309,-8.68141922592436e-05
0.0007252107815673655,0.00020558078876187162,-7.841032402215298e-05
0.0008375074564230481,0.0002154224602232171,-6.992603137947825e-05
0.0009064971317108331,0.00021176363192386714,-5.7916372520097356e-05
0.0009890069789175227,0.00019229841850336194,-6.29393298891484e-05
0.0008828578530602082,0.0001378919830562366,-8.141688531830336e-05
0.0008051907315498567,9.020407131613455e-05,-6.509420251366478e-05
0.0006421338169379539,5.509139294396884e-05,-4.799350519504986e-05
0.000557203426555858,2.4350851419427006e-05,-3.1135431142565706e-05
0.0005553906951674186,-2.4588074487009665e-05,-2.6941211598473984e-06
0.0005824806051248961,-5.676757642246587e-05,2.6172068837851153e-05
0.0007289113649841915,-8.197185229144685e-05,6.41323883387417e-05
0.0007661886556293946,-0.00010335317235678852,7.632623258761094e-05
0.0008846970068568523,-0.00012839524936418827,0.00010089039190400539
0.000745159602175641,-0.00017090215145625643,0.00013209544705298978
0.0005673397946416264,-0.00019373853609886657,0.00014961504559263787
0.00032567998102152595,-0.00021738417927042838,0.00016395855513226353
0.00018684257725286793,-0.00021773741020285312,0.00018083012968370446
0.00015874157629539541,-0.00021339728882521856,0.00019586332189610174
0.00011479986037552859,-0.0002169567920204449,0.0001981138552061829
0.00017036878528299573,-0.0002020810734937007,0.0001854069919659168
0.0002683131752744721,-0.0001893519344293799,0.00016640889583828604
0.00033894769359441934,-0.00017121488088870694,0.0001468447430411642
0.00032686522846841,-0.00016021814524170454,0.00013678474921181017
0.00034944134276281686,-0.00014553953401214503,0.00013593325340599888
0.0003176357082388315,-0.0001296547495605078,0.00012416409630628715
0.00029578862093206294,-0.0001214731574082014,0.00012156621442429965
0.0002149008587709932,-0.00011214720503804409,0.00011952416740286372
0.00015049903902989144,-0.00010854286089752623,0.00012354635201014934
0.00011415665799409173,-9.825981952527015e-05,0.00012084779497155597
-2.7369273870042843e-05,-0.00010100929273342697,0.0001090200071304137
-9.529809917389401e-05,-9.657244991803144e-05,0.00010259627648124199
-8.388371592180815e-05,-8.900435904893962e-05,0.00010570872026879282
-6.810037808230814e-05,-8.729548507472946e-05,0.00011274575933742561
4.252474203841148e-05,-9.316193438261175e-05,0.00011723776133634243
-3.3854142498752135e-05,-0.00012886757399082274,0.00012022368615603327
-1.728314693070059e-05,-0.00015504031785336308,0.0001252414361892551
8.429953131399104e-05,-0.0001831413188113529,0.00011950758107453932
9.53950134748912e-05,-0.00021208822250974856,0.00010670660006494419
7.792179879470114e-05,-0.00023992789236475237,9.35686851540665e-05
-8.474369775656973e-05,-0.0002577258904966465,7.687203850608034e-05
-0.00015514060728039273,-0.0002492242400675296,6.633509130655775e-05
-0.0002108834957709952,-0.0002316196848111573,5.862090574223878e-05
-0.0003544376848593921,-0.0002113335445730577,8.06537213536968e-05
-0.00036334126445215895,-0.00018432029816865965,9.565316231715016e-05
-0.00024196579280410719,-0.00015072719747674597,0.00011904335674727894
-0.00014397530824932037,-0.0001228186750734413,0.00013897144444566616
5.691164604103892e-05,-9.549125275275109e-05,0.00015515912225142525
0.00013628648433894097,-7.619469914664064e-05,0.0001570468778469005
0.0002218154290204184,-6.159496940849877e-05,0.0001468329783201274
0.00022501012942490207,-5.106621894074431e-05,0.00013164086593823535
0.0001663114993763532,-4.452628755987316e-05,0.00010884488636217078
0.00015373019078414497,-3.5337750990169944e-05,8.987880570452936e-05
5.910403077010792e-05,-1.8950265786400274e-05,7.13431981252044e-05
5.397499804642021e-05,-3.1443628272153063e-06,6.785794767993088e-05
-8.828555386765431e-06,1.4020269002088015e-05,7.152911929364739e-05
-0.00010404131211539367,2.3121920212358957e-05,9.26635730778658e-05
-0.0002082624701744411,3.9796387468684473e-05,0.00011857701091252231
-0.0002899072246429341,6.175437173789458e-05,0.0001630630862696034
-0.0002757986237991241,7.249797301471374e-05,0.00020023285507736292
-0.00023426703638300503,7.671601130116507e-05,0.00024014669689369656
-0.00026173939621174563,7.745574225609208e-05,0.0002738468372626356
-0.0003125665598745932,7.959605362945544e-05,0.00028946344392993166
-0.0002665805789939175,9.373676637616614e-05,0.0002990694352388956
-0.00027753334158614023,0.00011128751249839548,0.00027701058294932613
-0.0004381474371985822,0.00012109890426870627,0.00026390603355988534
-0.000614516133872104,0.00014114849646494702,0.0002553523097745454
-0.0007205494447278129,0.00016773985225237295,0.00024122268672418232
-0.000851669769968607,0.00023519230277886798,0.00023342344801177974
-0.001227350876931951,0.0002743617848967405,0.00022786066351717174
-0.0013620471952628672,0.0002817660375587252,0.00024104409439906478
-0.0014292004168558684,0.0003002540076595386,0.0002461216323583074
-0.0015378066336692016,0.00031928508358006457,0.0002451906764677488
-0.0016617310961047796,0.0003243971442474036,0.0001866417091021438
-0.001657132440157379,0.0003014442695769465,0.0001422088642869105
-0.0016217290188796352,0.0003177795849920991,8.108998036013762e-05
-0.0017983926050408163,0.0003511257229715301,-1.2265011169454439e-05
-0.0017924124622388244,0.0003912148784208948,-0.00010953591908639002
-0.001738877676916655,0.0004262731690655878,-0.00021994262040774164
-0.0016672543434212846,0.00044937136697211974,-0.00027485281735919564
-0.001494491340937659,0.0004664244268142923,-0.000330048839176546
-0.0012101049528075861,0.00042438589563208287,-0.0003667179323083099
-0.0008131677911308109,0.00037669210153146247,-0.0003858356042921206
-0.0005814853289951074,0.00031618199371094135,-0.00041488443676410646
-0.00027333015384957605,0.00023960368750741256,-0.00044049874209662866
0.00012587200595862594,0.00018267699805066384,-0.00044998419322961043
0.00034731713555735954,0.00012985204971937674,-0.0004879150044955149
0.0006667531354389042,0.00010047216570662679,-0.0005234677991585032
0.0008265412897627107,7.86694371842141e-05,-0.0005573683255167132
0.0009516865831054655,6.050364686667293e-05,-0.0005758341162269006
0.0009310264790240182,6.17403890769675e-05,-0.0005757438557429878
0.0008577985146997948,6.991561670781982e-05,-0.0005913637411013357
0.0007613845992206472,7.338601660372357e-05,-0.000578614447719422
0.0005518052517269923,9.484602529569476e-05,-0.0005338313613687374
0.0003408481782322854,8.470647495023388e-05,-0.00046390205129717265
6.40295916756742e-05,7.436142771103212e-05,-0.0003914548980196283
-0.00017597795363809635,7.422642271318721e-05,-0.00032836995559825766
-0.00041445608519276886,7.231706631834648e-05,-0.0002519725560921307
-0.0005849458928131997,7.334175425072716e-05,-0.0001669039784519801
-0.0008048958420632322,5.545465281951042e-05,-9.72413996829841e-05
-0.0008812232318364681,5.5856099822741885e-05,-4.2606420062014535e-05
-0.000837928575582937,4.6854448743353005e-05,-2.7363584377416367e-06
-0.0008368315635453809,1.284206110082991e-05,3.509570631529969e-05
-0.0009381260061200149,-4.406678840647169e-05,8.224678032578374e-05
-0.0011186773504839663,-0.00011444894381383625,0.00012827962722685316
-0.0012473886079742437,-0.000172574477647268,0.00015450049072780614
-0.001340654785501178,-0.0002155247747232797,0.0001750528801075388
-0.0012675706979322914,-0.00023573473357078764,0.00021502496693676134
-0.0011150576736336604,-0.00023100946222209844,0.0002552990792326976
-0.0008912849614442593,-0.00020269823919754338,0.00028044588154483836
-0.000548522315913698,-0.00016411612525031068,0.00027703989831848945
-0.00020500393169269775,-0.00012541993208094396,0.00025981962514576377
0.00012450324814694267,-8.01611459770752e-05,0.0002513391897885052
0.0003277248245751473,-4.67868498130711e-05,0.0002332629849291531
0.0005286165040404001,-1.3044086437696206e-05,0.00021453779175972248
0.0007130061369188135,2.394602928136894e-06,0.0001922793249389997
0.0008453299352813767,1.5494041414142523e-05,0.0001901111446782454
0.0010169127047886422,9.112644474224501e-06,0.00018870612838002847
0.0011805705845046048,-2.1618928861465942e-05,0.00017524998740368886
0.00126586452405839,-5.058897627339357e-05,0.00017169106280282687
0.0013434296203632744,-0.00011056697153815555,0.00016324688593055014
0.0014183099494262219,-0.00015556191930403507,0.00014711089575143778
0.0014640926513530468,-0.00019361384933821681,0.00012345686298331974
0.0014216399441246978,-0.00022401196033053393,0.00012017990596293793
0.0012177019733198863,-0.00022390087050433885,0.00011937315467002417
0.001097135470903604,-0.00022014532076826255,0.00010909406701557834
0.0009718979884342283,-0.00020683999966100898,0.00010646455539007394
0.0009082751475294917,-0.00021602352175863646,8.354186398136126e-05
0.0008964509276776181,-0.00023001553614375737,5.4837487116702325e-05
0.0008670104842796949,-0.00023042961575750294,1.7262703316442664e-05
0.0009282342863770315,-0.00022472642606546732,-1.8403881275635742e-05
0.0009129394737649833,-0.00023003626905364555,-3.164420712000469e-05
0.0008036278558384796,-0.00022536519256764092,-5.4979242364542955e-05
0.0006732328931636611,-0.00019259109005164806,-4.6816647345239344e-05
0.00043403200271092756,-0.000165622395296394,-4.1709022556646306e-05
0.00024954323759214395,-0.00014136595094244362,-4.373467611247673e-05
0.00028533267673093687,-0.00011719060601980115,-3.262897214367166e-05
0.00037995420800247446,-9.013377228606127e-05,-4.014103593976488e-05
0.000653116569927133,-6.203306062628824e-05,-5.3832085612437416e-05
0.0008632619740892445,-4.841867450514306e-05,-5.531270470688168e-05
0.0011811804213656394,-1.8702049454864054e-05,-4.8377305115691516e-05
0.0015243940800201347,-6.12006583796662e-06,-3.037419582066727e-05
0.001471160259410931,-1.9058559080409927e-05,-4.380912172618301e-05
0.0013243413601830903,-2.436261614149842e-05,-6.733123532478912e-05
0.0010949720158167087,-3.72732404955162e-05,-7.156055617134157e-05
0.0009656454248339375,-3.724710738501068e-05,-0.00010362887184820865
0.0007574702257474702,-3.955521068329153e-05,-0.00013246362496717841
0.0006368428746493498,-3.865684885708655e-05,-0.00015500849524712726
0.0006465764456809565,-2.6556543785251208e-05,-0.00015900464317733604
0.0008458227999536286,-1.137108522096082e-05,-0.0001539921004799434
0.0008789754950580549,1.4074946026742852e-05,-0.0001605508361279946
0.0009490887012224433,5.188309560813434e-05,-0.00013880943844783844
0.0010160422118503454,0.00010701923306603526,-0.00011036330685679792
0.0009371899393260212,0.00017545413424701676,-9.631140811326221e-05
0.0010030332267125233,0.00023702335627355162,-8.886009656506114e-05
0.0007404131157556106,0.00025052183096017954,-5.154162939674638e-05
0.0005614262864495969,0.000264506612934369,-2.7268502282077537e-05
0.0003315195257613022,0.00027026602256522596,-2.0362610925873444e-05
0.0001277449110042141,0.0002396518071447906,-2.1282187823936902e-05
-7.360607474965209e-05,0.00019151153223085905,-2.448469923164705e-05
-0.0003626565962504284,0.00014024801313021118,-1.4162409978470256e-05
-0.0004694834471952072,0.00012820498874939338,-4.6686656817400924e-05
-0.0005449140180558872,0.00010007187588902019,-8.164620095130004e-05
-0.0005969787918179893,5.754433731842329e-05,-0.00011020901543187185
-0.0006115439024182274,1.5744186390456065e-05,-0.00011458992760459362
-0.0005430684033064294,-1.598719538512846e-05,-0.00012250527061423235
-0.0005150339405265253,-4.330584238175542e-05,-0.00013237143584055746
-0.0004995269772041693,-6.515620838061045e-05,-0.0001220080664951113
-0.0003866583633189944,-9.611198644482783e-05,-0.00010039453783322807
-0.00032804661862987787,-0.00012935802786098272,-8.365295380755632e-05
-0.00015398766460068011,-0.0001727252975173887,-8.81422557077164e-05
4.7696301336141e-05,-0.00020718715536812722,-8.590020842555098e-05
0.00024028237691623068,-0.00023677533280680351,-9.037465977530665e-05
0.00044032121052525925,-0.0002644638934965737,-9.75193171132599e-05
0.0005053258275797005,-0.00027879043097829874,-9.884429473236512e-05
0.0005837250619060231,-0.00029401176229902924,-0.0001173519369908705
0.0005360667548333012,-0.00029551783947928987,-0.00013624511495000674
0.0004279260159652475,-0.0002987920963998803,-0.00015535680814090502
0.000316518541883165,-0.000312962124516789,-0.0001668686842878351
0.00022473105480848407,-0.0003338928171862211,-0.00018121585824808887
0.0002556516351409505,-0.0003514806896839441,-0.00019507315693254696
0.00011989475612121345,-0.0003739417604327937,-0.00018520467733600677
-1.5304455826106035e-05,-0.00038977389293487827,-0.00017710360602064392
-0.00014318446826004177,-0.00040323138396266547,-0.00016187600661188796
-0.00022936587280898967,-0.0004079849099283218,-0.00013948986363561112
-0.00021982651610947087,-0.0004061607995463528,-0.0001209162617923498
-0.0002466038894972166,-0.0004010428565184954,-9.788440919911554e-05
-7.558351223622772e-05,-0.0003986913587566954,-7.756056399426172e-05
0.00011271817974411304,-0.00039528595412471093,-6.003730103295091e-05
0.00037247878841990465,-0.0003993780520335282,-4.658058146224695e-05
0.0005937370325293585,-0.0004012211595485,-3.599580392045928e-05
0.0007321839825582213,-0.00039589665887470546,-1.3235889966657582e-05
0.0008768168615784471,-0.0004045030346075288,8.001553344381836e-06
0.0009527294002798196,-0.00039398045579747495,2.0564346965557568e-05
0.0010368586324333727,-0.0003840503560614961,4.0527535963301714e-05
0.0009872916439904993,-0.0003745576725186175,7.233837782156441e-05
0.0009256630197649333,-0.0003624774253319811,8.90390746197549e-05
0.0008508691903328765,-0.0003611168642525833,9.928576107463514e-05
0.0007372619062465228,-0.000348038351541254,0.00010936137691044221
0.0006584162875398004,-0.0003357186633471447,0.00011735309417752998
0.0005844047156361952,-0.00030696095950927856,0.00011518915692866433
0.0005793608324940198,-0.0002797795354503868,0.00010672800800055618
0.000620085572184831,-0.00023714707871026083,0.00012021751449729808
0.000710601601478402,-0.00017939059068049494,0.00013588368728581382
0.0007979468455396565,-0.00012508241958633168,0.00015034889418704647
0.000927146724688745,-8.145748325067166e-05,0.00017570784720949518
0.0010219594808964316,-5.926931546002216e-05,0.00019645232941537135
0.0010572142038125854,-1.3764627396901508e-05,0.00020465388302048272
0.0010606099652310296,8.030579418432228e-06,0.00019814509922115817
0.0009886770845623837,1.5522488896932386e-05,0.0001946029538113395
0.0009873417887040139,2.1237925470940494e-05,0.00020976478650116222
0.0008919491860322492,3.277593472837609e-05,0.00021918601382834267
0.0008098270924650461,5.909718408771816e-05,0.00023913801669734518
0.0007614126609738609,5.586902173147277e-05,0.000269944999966544
0.000748956232004504,4.028327334957578e-05,0.0003031097490876375
0.0007534661703821582,2.2118833081412984e-05,0.0003415755658728459
0.0006674196743986612,6.739353049305538e-06,0.000353693421594877
0.0006268850988897335,-1.1930295207027574e-05,0.0003654432922654384
0.0005484853824029924,-4.415377019829802e-05,0.0003716315356270166
0.0004526299054533458,-6.206054378617214e-05,0.0003739970160497437
0.0004034122906590327,-6.648282534731083e-05,0.00037541398993275096
0.00029920868325018107,-7.899074908007821e-05,0.00036250577638237695
0.0002667875223689135,-9.093136252637017e-05,0.00036369536327509564
0.0002155427111030517,-9.973484555637819e-05,0.00036950096390062255
-0.0006941801721614176,6.594781982800688e-05,0.0002772846430941857
-0.0014638804042103448,0.00020942794903227376,0.00019245849585744696
-0.002271203250401797,0.00034412609957453866,0.00010618143062396893
-0.002956892668967209,0.0004986992037047024,9.749289463728831e-07
-0.0035206465380079903,0.000634976334125733,-0.00011102386702415973
-0.0040748599895955055,0.0007557111106283858,-0.0002231401173433761
-0.0037136678118407725,0.0007044228084666108,-0.00023474919708796823
-0.0034831314457023925,0.0006691182301330897,-0.00025492029378206243
-0.003249017832856388,0.0006534544681492524,-0.0002492477695106378
-0.0030673159566163674,0.0006274535663618338,-0.00023183251054718904
-0.0029013376302877577,0.0006060259588694282,-0.00021607858451183295
-0.0027111432646727772,0.0006100140064981937,-0.00020804655861059366
-0.002577596899625117,0.0006082204651044414,-0.00019652831794324412
-0.002322240057539949,0.0006114813179584692,-0.00018327275581992916
-0.0020107761991991595,0.0006025232542053184,-0.00019708106697546274
-0.00165609328740417,0.0006005360770722908,-0.0002021478045355399
-0.0014641991124367424,0.0006105398509638581,-0.00020311019730482734
-0.0012578342339366227,0.0006151045627985612,-0.0001912046851578923
-0.0008297647269445799,0.0006325064176944126,-0.00019246852479952917
-0.0004648122742778431,0.0006318799945045364,-0.0001971036320966996
-3.49685123211986e-05,0.000641209611297391,-0.0002096143523616524
0.0003582984420632143,0.0006528261163177026,-0.00022357676207939312
0.0008178515966586891,0.0006898264538529495,-0.0002479949231329545
0.0012297402725258105,0.0007107028552262684,-0.0002853810856660144
0.0016080389335277993,0.0007131367060373952,-0.00031306521047600404
0.001829465258859353,0.000676004352901277,-0.00030589104490306475
0.0019550452682943822,0.0006305443129176251,-0.0002856611246037864
0.00207757522553683,0.0005690300572118927,-0.00029138745800935407
0.002007966841631036,0.0004557981834516936,-0.00030105921603828584
0.0019766399926875334,0.00037207290553792723,-0.0003106019478622852
0.0017195458291474344,0.00027796998632164,-0.0002948129205275722
0.001581270239033275,0.0002411782315074324,-0.000289430849865578
0.0013844110624140547,0.00021218484751615006,-0.00027611125680021515
0.0011661495435239745,0.00018440824428132274,-0.0002036189732812317
0.0010748133588693752,0.0001805728487309228,-0.00012364972726551193
0.0008490294579439372,0.00016925267968159464,-4.100178923264431e-05
0.0007081281170583302,0.00018867758446691375,1.7170899917328743e-05
0.0006263508648275128,0.00022170829291099907,4.683670523043835e-05
0.0005462007121154258,0.0002417877790718021,6.931580878938477e-05
0.0004927208931130245,0.0002718971722326087,6.336498135914267e-05
0.0002738149182234884,0.0003066491943966302,5.4029578638163684e-05
9.89490200376234e-05,0.00031567591783329376,4.556939403089229e-05
-6.337182804153244e-05,0.00031913619235472126,3.7256172006256125e-05
-0.0003283755486631458,0.0003122291438128923,3.5770924167243165e-05
-0.0006114419736446371,0.0003159463135575252,3.2437650776680565e-05
-0.0009055863301373502,0.00031263194086653676,2.9977088263787705e-05
-0.001104784564772127,0.00030711042932898624,3.0430512190848052e-05
-0.0012599064642172164,0.0002893029808462704,2.7390971101802396e-05
-0.001440739872594042,0.0002340587429581133,1.6589414107207306e-05
-0.0015949222336882629,0.00017024882369982603,3.1745460941328e-07
-0.001729816430773447,9.801893203602477e-05,-2.4982481944097866e-05
-0.0017752753135704393,2.04874905482075e-05,-5.331636652228382e-05
-0.0016701740193590373,-5.387866233771817e-05,-6.947646473679952e-05
-0.0014863150525535758,-9.770379179889583e-05,-8.838275746738556e-05
-0.0012558183200256923,-0.0001180748887537196,-9.655036695876488e-05
-0.0009498939096017078,-0.00014229333884373358,-9.868711034285958e-05
-0.0006446762503397552,-0.00015954755613122596,-9.669694381285848e-05
-0.00041454470633012116,-0.0001762882722674204,-0.00010160977567655121
-0.00028074732841873966,-0.0001982078765451871,-9.374978471522188e-05
-0.00022977754161960875,-0.00022151388571464036,-8.488265647170762e-05
-0.00025305944275417596,-0.0002605968682036915,-8.380782382684674e-05
-0.0003204054321964581,-0.0002745451988281111,-8.318988666592081e-05
-0.00026315579150090583,-0.000276525722143537,-8.03941260296654e-05
-0.00021186575356069355,-0.0002682396939826372,-9.875384138469879e-05
-0.00022357676207887585,-0.0002805781864428919,-0.00012638242128159085
-0.00013257211112545887,-0.0003004505363644281,-0.0001388036525197141
6.1404130198304925e-06,-0.00029675824611021255,-0.00013761850150367216
8.811988345023305e-05,-0.0003168374429738334,-0.0001394946852428987
0.00010457178532407489,-0.0003526687336624963,-0.00014445187589094729
0.00016021110569504397,-0.00037755777286298893,-0.00011082965269155455
0.00045952625002840334,-0.00037819721439088627,-0.00010229849402848609
0.0006725495750113089,-0.0003732934471474044,-0.00011084990344154167
0.0007651577960398308,-0.000373842338896276,-0.000131107210470379
0.0008733699911246172,-0.0003650431953126199,-0.00016255026014196008
0.0009209267551522905,-0.00036811928418279484,-0.00019125193690786225
0.0009135946337317277,-0.0003908307892020364,-0.0002243680842296074
0.0007374013471231137,-0.0004053246364498124,-0.00023252740055682448
0.0005674089364871094,-0.00042797326771470013,-0.00021778967642386416
0.00042743864792393774,-0.0004364575603573749,-0.00021397231368356105
0.0003332179850633366,-0.0004539841984442008,-0.00019745290931234868
0.0002553057330502992,-0.00045786858152145615,-0.00018240718091976213
0.00019090140607367693,-0.00045786530282936966,-0.00017277399574706185
0.0001753513375839493,-0.0004586191128765832,-0.00016996589179747452
0.00021944474126237948,-0.00045474283009870197,-0.0001926006368338292
0.0002759327609074917,-0.0004458556439699887,-0.0002025570625430325
0.00031112046348617616,-0.00044487010748716927,-0.00020989458416317792
0.00030845700774745696,-0.0004361746284550234,-0.00020162398514497764
0.0002772191656708827,-0.00040781142850663946,-0.00018101470080276905
0.00017499280288381855,-0.0003922305981633895,-0.00016284649968054948
7.084956199483469e-05,-0.0003739121557654136,-0.0001260267795444877
-8.11894983295667e-05,-0.00036589739121822254,-8.495845213479227e-05
-0.00021149130755692758,-0.00034190893178485975,-4.365020155772286e-05
-0.00031078690470989144,-0.00032471633463577147,1.150609021777113e-05
-0.0003653268986715373,-0.00031814380919054666,5.0280682718654396e-05
-0.0003781931642401647,-0.0003066671307753676,8.639104802425258e-05
-0.000328654526847687,-0.00027943739421430963,0.00010769406519047172
-0.00014984002177824803,-0.00022269691522318607,0.00012362099048760913
-5.5371914043193845e-05,-0.00016338285524923182,0.00014446074764843923
7.328678793044205e-05,-8.768497449317062e-05,0.00014032458024934447
0.00025319386915920845,-9.567997045027566e-06,0.0001449596875465149
0.0005632326533176167,7.387309534836838e-05,0.0001359270817482983
0.0008317657903061405,0.00013343652883948372,0.00012828560601873103
0.0010547359942171027,0.00015822923232972237,9.9857603671216e-05
0.0012575110898309617,0.00019627894442504843,8.347841163160855e-05
0.0013463498748938396,0.0002153101167779685,6.038426387631566e-05
0.0013288264190677405,0.00022873838886691721,2.738017070263695e-05
0.001103342422101003,0.00021713654153222186,2.7204664205852407e-05
0.0007991740409672527,0.00021322091443999133,2.7804279259499335e-05
0.0005247642328650108,0.0002157970990922885,4.9671231586678775e-05
0.0003331726619571093,0.00019995840920396176,6.504058624430996e-05
0.00019505502769005608,0.00017185904759253246,8.353839242448665e-05
9.769511290670931e-05,0.00014308900043926516,0.00010795636061429448
6.534338317017617e-06,0.0001341060571946623,0.00011993400400265146
-4.044547221012243e-05,0.00012710141932662967,0.00013704762322896266
-0.0001288528198733297,0.00011244865190935888,0.00016845036426742685
-0.00017723147504046882,9.977833645125675e-05,0.000182669669208373
-0.00020352437335096696,0.00010028691956390761,0.00020343478789174336
-0.00024178450037868097,9.428826179140044e-05,0.0002269528513401451
-0.00019844471388371084,8.992875755429067e-05,0.00024518373335399954
-0.00020060045439925642,8.229056051784446e-05,0.0002616636005481437
-0.00021454299909555165,7.551967415845068e-05,0.00025854132068226415
-0.0002455989701538873,7.217482891060478e-05,0.00026238915597942466
-0.0003779926818190168,7.067762348783611e-05,0.0002681214681779048
-0.0004575662667596294,8.33654895950994e-05,0.0002585137410899862
-0.00048522310127452323,9.884439116475917e-05,0.0002582427667734596
-0.00043879170033376717,0.00012142416987927686,0.00024305335449239352
-0.00043662544871520367,0.00015329103881364198,0.00024696830655890025
-0.000432156301133154,0.00017197139103674648,0.00026369060415542167
-0.0002474057227504487,0.0001915859778435307,0.00027207499310064303
-0.00013348580566352122,0.00019292426309887385,0.0002813018132304302
-0.0001042055360515598,0.0001810477770259892,0.0002518776668646838
-0.00011692879275587946,0.00013688031346394626,0.000241803208213467
2.5800997958565754e-05,8.750831081179582e-05,0.00021885178002581688
0.00012131298362068773,5.6683487595219015e-05,0.0001818690895731598
0.00015554523654486853,2.7846902264900598e-05,0.00015750801634582787
0.0001876990875307549,-7.235496414161197e-06,0.00013413865125901596
0.00021740983021948087,-2.996493781317467e-05,0.00014697724080400587
0.00013420740737544003,-3.9906705837796306e-05,0.00018214604268259883
-3.747999100572413e-05,-5.01958224353589e-05,0.00020800065691103673
-0.0002814381682776535,-0.00010210996919264581,0.0002239455185869115
-0.0006927787238545385,-0.00015144580979220855,0.00022304773535196704
-0.0010022811524437471,-0.00017684796441545743,0.00023510426023277625
-0.0013353040552855184,-0.00020135889318896946,0.00023882171927355677
-0.0016218927606548657,-0.00021014328265461522,0.00021789247308589706
-0.0018912402670752588,-0.0002145527387414863,0.00021230230186379922
-0.002090362898911222,-0.00017999329156247488,0.00020608050011599593
-0.002076562591622151,-0.00015958024662693905,0.0002030128008423772
-0.0020262546186078836,-0.00014465563700573358,0.0001901109518124227
-0.001888454342516815,-0.0001249595650390998,0.00018531152414720935
-0.0016151906304124133,-0.00010253600639221631,0.00018441740533496224
-0.0014418344738284716,-7.685313780650621e-05,0.00017053098414509426
-0.0011512845289650363,-5.306400360918381e-05,0.00016244823493701045
-0.0008682545553327976,-1.9658366998844973e-05,0.00016554891400352449
-0.0005606731514270725,3.3768703622126905e-05,0.0001711120842277087
-0.00014664561066991198,8.245603807151221e-05,0.00015834292582434935
0.00033639706346084985,0.00013607539438134655,0.00013116661266889278
0.0009407254309166862,0.00018009213450773207,9.550889983430629e-05
0.00146458300879133,0.00023170936670277497,6.174839294498213e-05
0.0019306646193427868,0.0002693811612369432,6.145041762847272e-06
0.0022563738193031512,0.0002840762623634676,-5.423864352117326e-05
0.002274898530050917,0.00028815678841707086,-9.723792812507489e-05
0.002089476205373143,0.00026923053423264523,-0.00013540789110023552
0.0018065559715177203,0.0002550739101833339,-0.00018076648447123286
0.001476929408686688,0.00021050114233160867,-0.00023187397636800002
0.0011206696385199118,0.0001712462213360763,-0.0002684038214869265
0.0007107399816012448,0.00013732139407767466,-0.00029322101874111015
0.0004264322820983188,0.00011944152505738931,-0.00032234256104784765
0.00015003433254221266,0.00010784980309820483,-0.00033161682579239287
-4.016485468005527e-05,8.718082725926573e-05,-0.0003178980036626542
-0.00019841819504466367,9.679067585468052e-05,-0.00029960444075716495
-0.000324873519025277,0.00011617073969367347,-0.0002835253455405285
-0.0003186895186771393,0.00013581271322898216,-0.0002735120248678147
-0.0002605331265577912,0.00015493134953466423,-0.0002643733437154787
-0.00011696669058742179,0.0001881992810473668,-0.00025082539934002517
8.22572914293189e-05,0.00023442103851281814,-0.00024290022025205774
0.0004079268577791864,0.0002712287046296264,-0.0002199291199077502
0.0008438822959777585,0.0003040405121144426,-0.00020071906593253046
0.0012872221218168697,0.00032215586842335603,-0.00016538343644985674
0.0016610271414738986,0.0003289716921604354,-0.00013078744148971595
0.0019696325582867977,0.00032785684017550134,-0.00010035538638470143
0.0019620642745524007,0.00025939059854921976,-8.779953587727492e-05
0.001734730805550789,0.00017378219378351217,-8.988034861869584e-05
0.0013660075668685124,7.210019043314499e-05,-8.109017322492573e-05
0.0009008511262784556,-1.9725869497767428e-05,-7.538659780434848e-05
0.00043285581988528895,-0.00012162069858416638,-6.677867915632401e-05
3.500380648534362e-05,-0.0002243080070053698,-8.482749728715172e-05
-0.00013158262092534645,-0.00026927797884636866,-9.515190804782473e-05
-0.00023068332872101593,-0.00030260328748248284,-9.348401773452452e-05
-0.00032111266552046016,-0.00031715518687939424,-8.870676946200643e-05
-0.0003516851258229023,-0.00033314517879670815,-9.223445004892772e-05
-0.0003782921036167813,-0.00034133622129880163,-0.00010046917631068785
-0.0004279257266690999,-0.00033302164922375247,-8.901496658435155e-05
-0.0005377273163043105,-0.000310150452577933,-5.425368693429655e-05
-0.0006613794543734663,-0.0002922551544159827,-3.125384981208623e-05
-0.000720222443337253,-0.0002853499380834332,-1.8020659945220007e-05
-0.0008484391003758065,-0.00027533951037529887,2.3203501802533352e-06
-0.0009532241935963315,-0.0002413176723829887,-1.2667326062163216e-06
-0.0010286886121378322,-0.0002324950957886184,-3.236648385195697e-06
-0.0010316317210857819,-0.00023794100452890696,-2.7557027248799876e-05
-0.00103835940584541,-0.00023600522572741315,-5.1232275087741784e-05
-0.0010713455626413858,-0.0002314774474034156,-5.773334431623386e-05
-0.0009887055320441389,-0.00022107068359445036,-6.435495371967345e-05
-0.0009930197131750214,-0.0002204230453347848,-4.643901907919444e-05
-0.0010948623724722861,-0.0001953248448209578,-3.109955838716016e-05
-0.0011546556037552646,-0.00016786289966335834,1.6343319281098108e-06
-0.001208892511497483,-0.00013925225483948683,3.944441015324402e-05
-0.0013205226473928914,-0.00011087835092329692,6.606585276898578e-05
-0.001517848941303434,-9.868064938901145e-05,8.247860319274906e-05
-0.0016238889059767446,-9.721526657144398e-05,0.00010523311694800265
-0.0016712636061219086,-0.00010621990704884099,0.00012085955969362738
-0.0017548804943092714,-0.00012421993051553226,0.00012759090887491827
-0.0017644031682475542,-0.00013348484134164987,0.00012621385789855552
-0.0016692151945795358,-0.00013039438408200615,0.00012889447855841152
-0.0014898510263051767,-0.00011144990422373023,0.00013660519256482128
-0.001187662493461646,-8.863203455215259e-05,0.00014623664195960155
-0.0007581586548027402,-5.230141823687239e-05,0.0001648137153597375
-0.0002943549642893718,-7.339450268026569e-07,0.00017424998610004127
0.00011513149050858785,4.1086938813121975e-05,0.0001868133583145467
0.0004390050082302173,7.33983599170555e-05,0.00020778156308697956
0.0006214605016531802,9.710138021306348e-05,0.00022153490792274535
0.0007161909048120571,0.0001211513633524362,0.0002284201628004207
0.0006799985721867083,0.0001250610116517543,0.00021935534866846125
0.0005954466779596173,0.00012775397562597682,0.00022123384677790294
0.0005797822409505734,0.00013127394164103105,0.0002195273836073366
0.0006088322306087014,0.0001439715473962982,0.0002008880150430728
0.0006993430525669606,0.00016208902521167322,0.00019035010352271345
0.0008181477397643671,0.00017874854548520028,0.00017645114615369084
0.0009344113436109028,0.00018732116996907972,0.0001706316592996309
0.00107224884250779,0.0001919291798338733,0.0001707859507255916
0.0012023395617775563,0.00019271028017825185,0.00018092212594657188
0.001328075405552195,0.00018439050076737347,0.00019871038443253146
0.0015065670558136726,0.00017629463678887447,0.0002420788112735277
0.001583846712980685,0.00017174545053029954,0.00028674598619176414
0.0016480139133216015,0.00017951277020407226,0.00033012058468942637
0.0017199147785192234,0.00019141751089392405,0.0003632957484821782
0.001710365585741376,0.00020857741754729922,0.0003953983940002843
0.0018239921562558453,0.0002252087796352186,0.0004069629220967671
0.001676488299529609,0.0002238969167875632,0.000387259714151596
0.0015613075321964666,0.00023073694499140535,0.00035213064231485937
0.0014817029925385781,0.000247847092660842,0.0003043868963655122
0.0013276981630162437,0.0002405817987134779,0.00021749690844318395
0.0011258627986180415,0.0002328191077832393,0.00012529196663027694
0.00090602210698389,0.00022594648551607803,6.007664534523106e-05
0.0008532607074331979,0.00023655103164588252,-7.153721959198686e-06
0.0007270165698420555,0.0002098254423187295,-9.051564356502943e-05
0.0005172322076161127,0.00017148460158824923,-0.0001579525685164309
0.0003366123964324022,0.00014329931894029363,-0.00017280697553995712
0.0002477937656866001,0.00010659975325270697,-0.0001914908957533649
7.164541645567166e-05,6.877945322070245e-05,-0.0002210672120365411
-2.8479111382383883e-05,4.4043258964398074e-05,-0.00024365374100312372
-0.00010755510647481652,3.707169731958558e-05,-0.00023480744210189173
-2.336579709754326e-05,3.0001967757308907e-06,-0.00022101668159551927
0.00016140088545203346,-2.4335132980579913e-05,-0.00021069516379942574
0.00024055730495005026,-4.66653453152176e-05,-0.00020818927817927105
0.0002861247703382344,-5.879322997933089e-05,-0.00020840702195498446
0.0002600001461135894,-8.93811194244726e-05,-0.00021007163357412897
0.0002568486473088714,-0.0001408234237160607,-0.0002171744393637642
8.890657685794784e-05,-0.00016409568163760466,-0.00023601245813834455
-0.00020831338634503917,-0.00018285404746264951,-0.00026490179184854046
-0.0004654334901308555,-0.00022985526592488422,-0.0002799702782250828
-0.0007644683062308125,-0.00027843257130233986,-0.0002951533259857294
-0.0009844953047614313,-0.0003215369669405587,-0.0003024125447077869
-0.0012207897304797387,-0.0003551737513931737,-0.0002806019087497536
-0.001304742491815153,-0.00038674235571384724,-0.00026050641485499056
-0.0013704740143497365,-0.0004240767341868318,-0.0002306251801405211
-0.0013680770006174385,-0.0004325413546728492,-0.00020089881544430746
-0.001239304026556363,-0.0004394219808090597,-0.00017001430073203472
-0.0011013662382324462,-0.0004453080058412053,-0.00012169794072902346
-0.0008502666823151674,-0.0004290521505097654,-8.9446789713081e-05
-0.0006869558618749635,-0.00040642029843799014,-4.7480293339899517e-05
-0.0004345989272688614,-0.00036532574148539517,-1.2722870975260752e-05
-0.0001621147725931198,-0.00031531892604784684,2.957612342045731e-05
1.6103203251005182e-06,-0.00028093180310489286,6.523171474754755e-05
0.00014523779784157882,-0.0002602692882198019,7.18357735028606e-05
0.0003328303278562441,-0.0002351406151491175,5.840258337629947e-05
0.00046524573675261577,-0.00024437920000097604,4.122107592252419e-05
0.0005156502383403734,-0.0002651282145169577,2.0599062536372857e-05
0.00048680507055026256,-0.0003029399320876178,-1.2134634914109002e-05
0.0004162891637635893,-0.00033409542111538255,-3.2403320934406906e-05
0.00025623987120158495,-0.00036003566708523376,-5.849284386021229e-05
-4.043881839303808e-05,-0.00039475210579103186,-6.943442032369341e-05
-0.0002716439414295141,-0.0004066075696558115,-8.632393125387174e-05
-0.0004703067848164453,-0.00041509706963431547,-9.417312181500102e-05
-0.0004500035760896029,-0.00039559598345737006,-0.00012189909817537784
-0.00021499680875167093,-0.00037525101961408645,-0.0001277494433148368
9.386685333484671e-05,-0.0003458829967547673,-0.00012126553900696426
0.000495918100753546,-0.0003101774535768812,-0.00012209176959381652
0.0007276376892631913,-0.00026547112721011807,-0.00011363929955634299
0.0009240438276828582,-0.0002243146608229715,-0.00010723813402737353
0.000914531375550928,-0.00019744095172652377,-7.79945086294528e-05
0.0007275440536542806,-0.0001627182449327003,-8.438738099426007e-05
0.0005550674546298811,-0.0001255112533180876,-0.00010410100361108962
0.00021253046030961914,-9.585229468943699e-05,-8.984814028391842e-05
2.8810837948354523e-05,-6.685582486878704e-05,-9.069674312618482e-05
4.344865838282685e-05,-3.8841419975116535e-05,-9.005874808005988e-05
0.0001024974335354675,-1.692123710402009e-05,-9.704853539975731e-05
0.00020647828269859927,3.985347530008692e-06,-9.28182502323681e-05
0.0003412660186995705,1.1072820608303848e-05,-8.256057051353429e-05
0.09825960293826726,0.13465289464871175,0.1664171367367104
0.1961760544166107,0.2692884544628646,0.3329425787255212
0.2934775048038439,0.4040488139575672,0.49949173549935005
0.3908626363030707,0.5388070410483311,0.666046293630269
0.4882232584164372,0.6735591436373793,0.8325976668004293
0.5854478645376203,0.8083049834410198,0.9991496941662358
0.5851359885283085,0.8084141812690193,0.9991930018408277
0.5848235310331855,0.8085069325953451,0.99923056408845
0.5850519594891501,0.8084658120017143,0.9992414300621151
0.5851551688811839,0.8084299074225986,0.9992520356689992
0.5852694872558787,0.8083929526974658,0.9992594648011537
0.5854192328705909,0.8083549044318522,0.9992714937464412
0.5854769648648568,0.8083287115336721,0.9992730906626986
0.58556062071163,0.8083155803690112,0.999268768574132
0.5855127913339392,0.8083080384112517,0.9992621552578917
0.585503504918746,0.8082994810230456,0.9992609575706987
0.5854627835541798,0.8082938918161443,0.9992566007665614
0.5854437247058022,0.8082812466694749,0.9992418640067504
0.5854097555197594,0.8082581347782046,0.9992214165355401
0.5854026735433121,0.8082173005880331,0.9991877771474201
0.5854463804469685,0.8081719880892264,0.9991506488444332
0.5854794643859554,0.8081165299648491,0.9991211579670256
0.5854865029679382,0.8080534257359996,0.9990939409595063
0.5855073583471055,0.8080067853666092,0.9990675571256867
0.5854699436406593,0.8079455123841203,0.9990538271174294
0.5853674025233637,0.8079034718278629,0.9990604925070259
0.5852522509749694,0.8078561284681636,0.9990651617513004
0.585152955763545,0.8078185401838633,0.9990592080309056
0.5851093269699229,0.8077830955860609,0.9990594163243306
0.5850389498289865,0.8077592459889108,0.9990660817139271
0.5849328416867896,0.8077597406857949,0.999067522410116
0.5847438240825931,0.8077588641176319,0.9990757500003993
0.5845209414390663,0.8077467830989881,0.9990706988848456
0.5842986489602432,0.8077345718969539,0.9990692929042276
0.5841073922017292,0.8077151745717608,0.9990673314744765
0.5840246216020138,0.8076927830285849,0.999060162709103
0.5840798714329664,0.8076479391899843,0.9990497306800731
0.5842874531886564,0.8076878794542073,0.999077190696588
0.5846305124594531,0.8077946819078206,0.9991592756637808
0.5850815805499487,0.8079113088679745,0.9992808843083467
0.585581979466573,0.8080329435492185,0.9994022152283462
0.5859064225125199,0.8081559581744026,0.9995495654686717
0.5862089166388189,0.8083530992221698,0.9997374808534947
0.5864765216164486,0.8084776326535769,0.9998929718951763
0.5865880801032635,0.8085359982070102,1.0
0.0,0.0,0.0
0.0,0.0,0.0
0.0,0.0,0.0
